Timestamp,Viewers,Live Views,New Followers,Chatters,Chat Messages,Ad Breaks,Subscriptions,Clips Created,All Clip Views,Twitch Clip Views,Reddit Clip Views,Facebook Clip Views,Twitter Clip Views,Other Clip Views
10:05 AM,48.8,31,,8,14,,,,,,,,,
10:10 AM,60,27,1,12,21,,,,,,,,,
10:15 AM,75.4,30,1,8,8,,,,,,,,,
10:20 AM,81.8,18,,7,11,,,,,,,,,
10:25 AM,75.8,15,,7,13,,,,,,,,,
10:30 AM,73.8,9,1,7,14,,,,,,,,,
10:35 AM,75.2,18,,3,5,,,,,,,,,
10:40 AM,80,13,,14,29,,,,,,,,,
10:45 AM,77.2,14,1,7,9,,,,,,,,,
10:50 AM,83.8,15,,11,21,,,1,3,,,,,3
10:55 AM,83.6,17,,11,31,,,,,,,,,
11:00 AM,77.6,6,,5,11,,,,,,,,,
11:05 AM,69.4,10,,6,12,,,,,,,,,
11:10 AM,63.6,6,,9,18,,,,,,,,,
11:15 AM,60.6,5,,8,21,,,,,,,,,
11:20 AM,57,8,,7,14,,,,,,,,,
11:25 AM,57,10,,10,22,,,,,,,,,
11:30 AM,59.2,11,,6,9,,,,,,,,,
11:35 AM,55.6,16,,9,17,,,,,,,,,
11:40 AM,56,12,,6,9,,,,,,,,,
11:45 AM,57.4,20,,8,16,,,,,,,,,
11:50 AM,59.8,11,,6,12,,,,,,,,,
11:55 AM,59,12,,1,4,,,,,,,,,
12:00 PM,60.4,13,,4,9,,,,,,,,,
12:05 PM,59.8,15,,6,19,,,,,,,,,
12:10 PM,58.4,13,1,8,21,,,1,,,,,,
12:15 PM,58.666666666666664,6,,2,2,,,,,,,,,